<?xml version="1.0" encoding="UTF-8" ?>
<!DOCTYPE struts PUBLIC
	"-//Apache Software Foundation//DTD Struts Configuration 2.3//EN"
	"http://struts.apache.org/dtds/struts-2.3.dtd">

<struts>
    <constant name="conststruts.devMode" value="true" />
    <constant name="struts.multipart.maxSize" value="10485760" />
    <constant name="struts.i18n.encoding" value="UTF-8" />
    <constant name="struts.enable.DynamicMethodInvocation" value="false" />
    <constant name="struts.devMode" value="false" />
    <package name="lee222"  namespace="/js"  extends="json-default">
          <action name="stock-manage" class="Action.StockAction" method="show">
            <result type="json">
                <param name="noCache">true</param>
                <param name="contentType">text/html</param>
                <param name="root">maps</param>
            </result>
          </action>
          <action name="stock-alarm" class="Action.StockAction" method="showAlarm">
            <result type="json">
                <param name="noCache">true</param>
                <param name="contentType">text/html</param>
                <param name="root">maps</param>
            </result>
          </action>
    </package>
    <package name="default" namespace="/" extends="struts-default">   	
		<action name="inputAction" class="Action.StockAction" method="input">
			<result name="success">/WEB-INF/content/success.jsp</result>
    		<result name="error">/WEB-INF/content/error.jsp</result>
		</action>
		<action name="addStock" class="Action.StockAction" method="addStock">
			<result name="success">/WEB-INF/content/stock-manage1.jsp</result>
    		<result name="error">/WEB-INF/content/error.jsp</result>
		</action>
		<action name="add" class="Action.SaleAction" method="AddStore">
            <result>/WEB-INF/content/sale-goods.jsp</result>
        </action>
		<action name="up" class="Action.SaleAction" method="UpdateStore">
            <result>/WEB-INF/content/sale-goods.jsp</result>
        </action>
        <action name="del" class="Action.SaleAction" method="DelStore">
            <result>/WEB-INF/content/sale-goods.jsp</result>
        </action>
        <action name="Login" class="Action.LoginAction">
            <result name="sale">/WEB-INF/content/sale.jsp</result>
            <result name="purchase">/WEB-INF/content/purchase.jsp</result>
            <result name="stock">/WEB-INF/content/stock.jsp</result>
            <result name="super">/WEB-INF/content/supermanage.jsp</result>
            <result name="error">/WEB-INF/content/login.jsp</result>
        </action>
        <action name="acc" class="Action.SaleAction" method="Account">
            <result>/WEB-INF/content/sale-account.jsp</result>
        </action>
        <action name="bui" class="Action.PurchaseAction" method="BuildOrder">
            <result>/WEB-INF/content/purchase-order.jsp</result>
        </action>
        <action name="delO" class="Action.PurchaseAction" method="DelOrder">
            <result>/WEB-INF/content/purchase-order.jsp</result>
        </action>
        <action name="newSp" class="Action.PurchaseAction" method="NewSupply">
            <result>/WEB-INF/content/purchase-supply.jsp</result>
        </action>
        <action name="delSp" class="Action.PurchaseAction" method="DelSupply">
            <result>/WEB-INF/content/purchase-supply.jsp</result>
        </action>
        <action name="newUser" class="Action.SuperAction" method="NewUser">
            <result>/WEB-INF/content/supermanage-users.jsp</result>
        </action>
        <action name="delUser" class="Action.SuperAction" method="DelUser">
            <result>/WEB-INF/content/supermanage-users.jsp</result>
        </action>
		
	<!--  	<action name="stock-manage1" class="Action.StockAction" method="show">
			<result name="success">/WEB-INF/content/stock-manage.jsp</result>
    		<result name="error">/WEB-INF/content/error.jsp</result>
		</action> -->
		<action name="*" >
			<result name="success">/WEB-INF/content/{1}.jsp</result>
		</action>
    </package>
</struts>
